{
  "plum": {
    "bestfit": [
      153.2803263565606,
      -1.60471799251243,
      60.680777730233416,
      0.25685112551534667,
      20.145281729246744
    ],
    "bestfit_err": [
      0.002992951593671532,
      0.0026395225406085684,
      1.3096698837416703,
      0.010502437211942836,
      0.2323814452939745
    ]
  },
  "king": {
    "bestfit": [
      153.28074016406953,
      -1.6026077726837715,
      61.85736384207984,
      0.25359403175353673,
      14.727581186067445,
      101.57848190928358
    ],
    "bestfit_err": [
      0.003171197955654838,
      0.0026916764009316287,
      1.3362129899275046,
      0.010494298855052554,
      0.3493122488649122,
      1.8321317569623483
    ]
  },
  "expo": {
    "bestfit": [
      153.28014848622558,
      -1.6025630195733125,
      61.47115284784793,
      0.25015625534866837,
      12.34683440132612
    ],
    "bestfit_err": [
      0.0031002529907229125,
      0.0027240388157352023,
      1.3416359706942884,
      0.01066031179287313,
      0.13694670176570337
    ]
  },
  "area": 5.465000000000001,
  "outer_area": 14.655625000000002,
  "outer_nd": 218.41443131903276,
  "errorest": {
    "pmra": [
      21.30617012121618,
      2.177651036582116,
      22.23357421314031
    ],
    "pmdec": [
      21.09706053829297,
      1.3620632895323483,
      23.0974466253914
    ]
  },
  "gierr_func": {
    "core": [
      -19.883189093390502,
      0.7004569357701317
    ],
    "catalogue": [
      -6.836670424055763,
      0.17954782453654097
    ]
  },
  "chosen_model": "king",
  "sxt_MW_free": {
    "bestfit_1d": [
      -0.510313493341624,
      -0.02826137669514428,
      -2.057193852566443,
      -3.5193954761956796
    ],
    "bestfit_err_1d": [
      0.06867961051047569,
      0.07102342869684608,
      0.08347225241664898,
      0.10287553110039009
    ],
    "bestfit_2d": [
      -0.4956902504105748,
      -0.039294848314942024,
      -0.701440758165808,
      -0.45196770979902323
    ],
    "bestfit_err_2d": [
      0.07555850819212905,
      0.07727777809975411,
      0.47253998801918706,
      0.3961609256400011
    ]
  },
  "sxt_free": {
    "bestfit_1d": [
      -0.4462605526981676,
      0.05954414380433337
    ],
    "bestfit_err_1d": [
      0.07579247380635486,
      0.07746675130577262
    ],
    "bestfit_2d": [
      -0.47260545562313694,
      0.008110197559906107
    ],
    "bestfit_err_2d": [
      0.07576797494034548,
      0.0769246523849591
    ]
  }
}