{
  "plum": {
    "bestfit": [
      153.2803263565606,
      -1.60471799251243,
      60.680777730233416,
      0.25685112551534667,
      20.145281729246744
    ],
    "bestfit_err": [
      0.002992951593671532,
      0.0026395225406085684,
      1.3096698837416703,
      0.010502437211942836,
      0.2323814452939745
    ],
    "halflight": [
      20.145281729246744,
      0.2323814452939745
    ]
  },
  "king": {
    "bestfit": [
      153.28074016406953,
      -1.6026077726837715,
      61.85736384207984,
      0.25359403175353673,
      14.727581186067445,
      101.57848190928358
    ],
    "bestfit_err": [
      0.003171197955654838,
      0.0026916764009316287,
      1.3362129899275046,
      0.010494298855052554,
      0.3493122488649122,
      1.8321317569623483
    ],
    "halflight": [
      20.788157415132385,
      0.29474522106262285
    ]
  },
  "expo": {
    "bestfit": [
      153.28014848622558,
      -1.6025630195733125,
      61.47115284784793,
      0.25015625534866837,
      12.34683440132612
    ],
    "bestfit_err": [
      0.0031002529907229125,
      0.0027240388157352023,
      1.3416359706942884,
      0.01066031179287313,
      0.13694670176570337
    ],
    "halflight": [
      20.74268179422788,
      0.23007045896638165
    ]
  },
  "area": 5.465000000000001,
  "outer_area": 14.655625000000002,
  "outer_nd": 218.41443131903276,
  "errorest": {
    "pmra": [
      21.291643776150487,
      2.103459034106942,
      22.29598777242327
    ],
    "pmdec": [
      21.081113437756766,
      1.3296592336484447,
      23.15228540140358
    ]
  },
  "gierr_func": {
    "core": [
      -19.883189093390502,
      0.7004569357701317
    ],
    "catalogue": [
      -6.836670424055763,
      0.17954782453654097
    ]
  },
  "chosen_model": "king",
  "sxt_MW_free": {
    "bestfit_1d": [
      -0.5114407139129248,
      -0.027643276708716892,
      -2.0489400808716596,
      -3.5074352824417736
    ],
    "bestfit_err_1d": [
      0.06896462619703363,
      0.07170042705883135,
      0.08279183509509415,
      0.10314146588413227
    ],
    "bestfit_2d": [
      -0.4937193007851872,
      -0.040356284982891726,
      -0.7165013889145461,
      -0.4562821343971345
    ],
    "bestfit_err_2d": [
      0.07536088755537874,
      0.07732762534790887,
      0.4752491629951333,
      0.3926505110829199
    ]
  },
  "sxt_free": {
    "bestfit_1d": [
      -0.44783975695604084,
      0.05809082121975329
    ],
    "bestfit_err_1d": [
      0.07524818410204029,
      0.07797727406771582
    ],
    "bestfit_2d": [
      -0.47535775393336943,
      0.00814786001355837
    ],
    "bestfit_err_2d": [
      0.07421541788374054,
      0.07820405439589401
    ]
  },
  "galcen": {
    "v_x": -219.56918013206496,
    "v_y": 82.45834521042966,
    "v_z": 66.9678451833413
  }
}